AVE,,,,x,,,,,,,,,,,,,,,
SE1,,,,,,,x,,,,,,,,,,,,
RI,,,,,,,,,x,,,,,,,,,,
SEAD2,,,,,,,,,,,,,,,,,,,
ST,,,,,,,,,,x,,,,,,,,,
RCom,,,x,,,,,,,,,,,,,,,,
PIV,,,,,,,,,,,,,,x,,,,,
SCDig,,x,,,,,,,,,,,,,,,,,
SEAS,,,,,,,,,,,,,,,,,,,
CEE,,,,,,,,,,,,,,,,,,,
OE,,,,,,,,,,,x,,,,,,,,
PRC,,,,,,,,,,,,,,,,,,,
RSCM,,,,,,,,,,,,x,,,,,,,
SET,,,,,,x,,,,,,,,,,,,,
Ant,,,,,,,,,,,,,,,,,,x,
CMov,x,,,,,,,,,,,,,,,,,,
STBL,,,,,,,,,,,,,,,,,,x,
CSDist,,,,,,,,,,,,,,,,,x,,
BD,,,,,,,x,,,,,,,,,,,,
CSM,,,,,,,,,,x,,,,,,,,,
PI,,,,,,,,,,,,,,,,,,x,
SCDist,,,,,,,,x,,,,,,,,,,,
EGP,,,,,,,,,,,,,x,,,,,,
OGE,,,,,,,,,,,x,,,,,,,,
SG,,,,,,,,,,,x,,,,,,,,
SCO,,,,,,,,,,,,,,x,,,,,
PCI,x,,,,,,,,,,,,,,,,,,
IRS,,,,,x,,,,,,,,,,,,,,
RDC,,,,,,,,,,,,,x,,,,,,
SEADI,,,,,,,,,,,,,,,,,,,
RM,,,,,,,,,,,,,,,,,,,
STDS_PSTR,,,,,,,,,,,,,,,,,,,
